id,url,content,author,created_at
1916221028046667873,https://x.com/nextstacja/status/1916221028046667873,@Trzaskowski2O25 @trzaskowski_ Znow klamstwoâ— Na #debataprezydencka do @RepublikaTV pan sie nie stawil wiec niby jak pan chce byc prezydentem wszystkich polakow? Tyle milionow polakow pan olal.  #nigdyWiecejPO Tylko NIE #Trzaskowski2025.,nextstacja,Sat Apr 26 20:01:09 +0000 2025
1916187942411817194,https://x.com/KaczmarekSlawek/status/1916187942411817194,"Alert!!! W poniedziaÅ‚ek cyrk o 18! WyÅ‚Ä…czamy #YouTube! Nie oglÄ…damy bredni i kÅ‚amstw, nie dajemy sobÄ… manipulowaÄ‡! #hipokryzja #Å¼enada #polityka #wybory2025 #debataprezydencka",KaczmarekSlawek,Sat Apr 26 17:49:41 +0000 2025
1915868555373121651,https://x.com/batkmano/status/1915868555373121651,"BÄ™dzie ciekawie, pierwszy raz bÄ™dzie @trzaskowski_ i @SlawomirMentzen na jednej debacie w @se_pl! Zapowiada siÄ™ ciekawa dyskusja, mam nadziejÄ™, Å¼e utrzymajÄ… poziom debaty z @RepublikaTV.  #wybory2025 #WyboryPrezydenckie2025 #debata #debataprezydencka #Mentzen #Mentzen2025 #MentzenDrugaTura",batkmano,Fri Apr 25 20:40:33 +0000 2025
1915693455658947024,https://x.com/naczasienews/status/1915693455658947024,"W poniedziaÅ‚ek, 28.04, o godzinie 18:00 odbÄ™dzie siÄ™ kolejna #debataprezydencka, tym razem w SuperExpress. UdziaÅ‚ w niej potwierdzili juÅ¼ wszyscy kandydaci, wÅ‚Ä…cznie z Krzysztofem Stanowskim.  Å¹rÃ³dÅ‚o: PRESS https://t.co/31MH6w38Wc",naczasienews,Fri Apr 25 09:04:46 +0000 2025
1915428005335204075,https://x.com/Monika1549158/status/1915428005335204075,https://t.co/xszwvuswtb #debataprezydencka z K2,Monika1549158,Thu Apr 24 15:29:58 +0000 2025
1915341962766414101,https://x.com/DuchzNarodu/status/1915341962766414101,Nasz RepublikaÅ„ski kandydat  na Prezydenta RPğŸ‡µğŸ‡± @jakubiak_marek w znanym i cenionym @OficjalneZero Czy wÅ‚aÅ›nie w takim skÅ‚adzie odbÄ™dzie sie decydujÄ…ca debata przed drugÄ… turÄ… wyborÃ³w prezydenckich w PolsceğŸ˜… #Jakubiak2025 #debataprezydencka #ZawszeZaPolskÄ… #AmorPatriaeNostraLex https://t.co/43V2yX5guq,DuchzNarodu,Thu Apr 24 09:48:03 +0000 2025
1915287514731999568,https://x.com/KrzysiekPiorun/status/1915287514731999568,@BeataCzuma @TomaszSiemoniak @MSWiA_GOV_PL WilanÃ³w juÅ¼ ma za swojeğŸ˜‚ WALKI NA ğŸ”ª  #Wybory #Prezydencki2025 #debataprezydencka #Warszawa #Polska https://t.co/ApkQIUZCm9,KrzysiekPiorun,Thu Apr 24 06:11:42 +0000 2025
1914919537146818607,https://x.com/tygodnik/status/1914919537146818607,@TStawiszynski: Debaty prezydenckie przypominajÄ… freak fighty MMA. Dlaczego siÄ™ na to godzimy? Czytaj dalej ğŸ‘‰  https://t.co/RQafCv3ixC #koÅ„skie #debataprezydencka https://t.co/iLFzxojEfv,tygodnik,Wed Apr 23 05:49:29 +0000 2025
1914762628968087887,https://x.com/MarcinJ75498856/status/1914762628968087887,Panie @PatrykJaki czy mogÄ™ prosiÄ‡ o odpowiedÅº? ProszÄ™ o odpowiedÅº bo jak Pan widzi w tej sytuacji automatyczne odpowiedzi z fb wypadajÄ… w tej sytuacji komicznie.  #PiS #WyboryPrezydenckie2025 #Polska #debataprezydencka #debata #szacunek #tolerancja #patopatriotyzm #zÅ‚o https://t.co/E84DXrUFyE,MarcinJ75498856,Tue Apr 22 19:25:59 +0000 2025
1914229523903647930,https://x.com/KrzysiekPiorun/status/1914229523903647930,"@HenrykGandecki PiS w 5 min mÃ³gÅ‚ zaÅ‚atwiÄ‡ UkraiÅ„cÃ³w,a zrobiÅ‚ z ich SÅ‚udzy Polski zniszczyli PolskÄ™ !#DebataPrezydencka #wybory #PrzyjacieleRepubliki #WyboryPrezydenckie2025 https://t.co/Vy9tXwQjXK",KrzysiekPiorun,Mon Apr 21 08:07:37 +0000 2025
1914172158743322740,https://x.com/KrzysiekPiorun/status/1914172158743322740,"@JakubMokotow Warszawa jest bezpieczna,a szczegÃ³lnie gdzie jest WilanÃ³w i dobrze im tam he he  @trzaskowski_ @SlawomirMentzen @NawrockiKn @szymon_holownia #Warszawa #DebataPrezydencka #WyboryPrezydenckie2025 https://t.co/9WkpYr6lN8",KrzysiekPiorun,Mon Apr 21 04:19:40 +0000 2025
1913533443310264562,https://x.com/Almostgoodmann/status/1913533443310264562,@K_Stanowski na #debataprezydencka powinien na zakoÅ„czenie kaÅ¼dej wypowiedzi (jak Mentzen) dodaÄ‡:  To siÄ™ w pale nie mieÅ›ci!,Almostgoodmann,Sat Apr 19 10:01:39 +0000 2025
1913212107677462791,https://x.com/przemys55596/status/1913212107677462791,ale bym siÄ™ poruchaÅ‚ do tych debat w tle   #debatawkoÅ„skich #debataprezydencka #debataRepubliki,przemys55596,Fri Apr 18 12:44:46 +0000 2025
1913154984067149828,https://x.com/Husarz3981/status/1913154984067149828,#debataprezydencka https://t.co/mXyF1I6xRZ,Husarz3981,Fri Apr 18 08:57:47 +0000 2025
1913135821852418060,https://x.com/tzolciak/status/1913135821852418060,"DziÅ› na antenie @tvp_info pozwoliÅ‚em sobie na drobny apel ws. #debataprezydencka:  âœ… zakaz uÅ¼ywania tel. komÃ³rkowych przez kandydatÃ³w. ChcÄ™ widzieÄ‡ kandydata, a nie przedÅ‚uÅ¼enie jego sztabu âœ… szybsze dojÅ›cie do formuÅ‚y pytaÅ„ wzajemnych, by nie wiaÅ‚o nudÄ… https://t.co/YIkvGmfnDu",tzolciak,Fri Apr 18 07:41:38 +0000 2025
1913121304787509593,https://x.com/JanIIISobiesk16/status/1913121304787509593,#Nawrocki2025Prezydentem #DebataRepubliki #DebataPrezydencka #DebataTrzaskowskiego #Debata #MarszTysiÄ…cleciaKrÃ³lestwaPolskiego #marsz12kwietnia #RepublikaWieczÃ³r #TVRepublika  #wPolsce24 #NawrockiPrezydent2025  @KobietyZaKN25  #DebataRepubliki https://t.co/i7sivcsie6,JanIIISobiesk16,Fri Apr 18 06:43:57 +0000 2025
1913119421486203235,https://x.com/JanIIISobiesk16/status/1913119421486203235,#Nawrocki2025Prezydentem #DebataRepubliki #DebataPrezydencka #DebataTrzaskowskiego #Debata #MarszTysiÄ…cleciaKrÃ³lestwaPolskiego #marsz12kwietnia #RepublikaWieczÃ³r #TVRepublika #wPolsce24 #NawrockiPrezydent2025  @KobietyZaKN25 https://t.co/61fS79fFCy,JanIIISobiesk16,Fri Apr 18 06:36:28 +0000 2025
1912968000870678551,https://x.com/Iwona51693060/status/1912968000870678551,JakoÅ› dzis x nie jest zasrany oburzeniem przeprowadzenia wywiadu z Panem @MarekWoch2  w kanale zero przez @K_Stanowski ?  Dzis juÅ¼ nie ma propagandy a wczoraj byÅ‚a? #debata #debataprezydencka #kanalzero #popis,Iwona51693060,Thu Apr 17 20:34:47 +0000 2025
1912860778430140828,https://x.com/T1_KangJie/status/1912860778430140828,Jurgen #Klopp has accepted to negotiate with #RealMadrid.   #chilhavisto #CopaArgentina #mafsnl #MarottaLeague #RasimOzanKÃ¼tahyalÄ±TutuklansÄ±n #SRHvsMI #DebataPrezydencka #SRHvsMI #RasimOzanKÃ¼tahyalÄ±TutuklansÄ±n #mafsnl #CopaArgentina #markjrtn #kasibook #linglingkwong,T1_KangJie,Thu Apr 17 13:28:43 +0000 2025
1912847296225517677,https://x.com/nextstacja/status/1912847296225517677,@adamSzlapka @trzaskowski_ @foxnewspolitics Polacy ogladali juz #debataprezydencka na ktora #Trzaskowski2025 nie dotarl. To juz wystarczy. Tym pokazal gdzie ma obywateli. #WyboryPrezydenckie2025 #nigdyWiecejPO,nextstacja,Thu Apr 17 12:35:09 +0000 2025
1912790847751401639,https://x.com/nextstacja/status/1912790847751401639,"@WiolaPaprocka To nie sztuka wywiesic najwieksza reklame ale sztuka jest, stanac do #debataprezydencka i odpowiedziec na trudne pytania. #Trzaskowski2025 stchorzyl bo unika debat wiec tu i najwieksza reklama juz nie pomoze. Kompromitacja w #TVPO byla ogromna.",nextstacja,Thu Apr 17 08:50:50 +0000 2025
1912754061293560147,https://x.com/KlecinoSF/status/1912754061293560147,@PatrykSlowik Szanowny Panie a co z emisja tego na kanaÅ‚ach @PolsatNewsPL @TVP1 @tvp_info @1930_tvp @tvn24 @FaktyTVN @TVN24Newsroom  Czy wy chcecie powiedzieÄ‡ Å¼e emisja na jednych z najwiÄ™kszych telewizji w Polsce kosztowaÅ‚a 0zÅ‚? #debata #debataprezydencka #debatatrzaskowskiego #koÅ„skie,KlecinoSF,Thu Apr 17 06:24:40 +0000 2025
1912750717221089735,https://x.com/mistrzu1970/status/1912750717221089735,@Platforma_org 6 bilionÃ³w 200 miliardÃ³w. Tyle Niemcy powinni oddaÄ‡ Polsce! Ale mamy Tyska. A wÅ‚aÅ›ciwie to Niemcy majÄ…ğŸ¤¬#Jedziemy #NawrockiPrezydent2025 #SilniRazem #RachoÅ„ #wieszwiÄ™cej #WolneMedia #rt #TrzaskowskiTeam #ZdrajcaTusk #ZamachStanu #debataprezydencka #TrolleTuska https://t.co/C0TZoDlH5R,mistrzu1970,Thu Apr 17 06:11:22 +0000 2025
1912645779279225082,https://x.com/wojcik_art77768/status/1912645779279225082,@jakubiak_marek #Republikanie #NPR #PociagPrawych  #debataprezydencka  14 kwietnia 2025 Przed TV Republika https://t.co/KsPXuZE1HA,wojcik_art77768,Wed Apr 16 23:14:23 +0000 2025
1912599948387897468,https://x.com/Przemk_O/status/1912599948387897468,TÄ™czowa i biaÅ‚o-czerwona powinny staÄ‡ razem. Ale dla @NawrockiKn to prowokacja. To nie tylko gest â€“ to sygnaÅ‚: â€Nie ma dla was miejsca pod polskÄ… flagÄ….â€ Nie musimy siÄ™ na to godziÄ‡. #PolskaDlaWszystkich #LGBTplus #RÃ³wnoÅ›Ä‡ #IdÅºNaWybory #DebataPrezydencka https://t.co/QMVTxjBsdq,Przemk_O,Wed Apr 16 20:12:16 +0000 2025
1912571963173724558,https://x.com/PiotrSiwek13/status/1912571963173724558,#wybory #wybory2025 #Trzaskowski2025 #TrzaskamyPierwszÄ…TurÄ™ #TrzaskowskiPrezydentemPolski2025 #TrzaskowskiTeam #debataprezydencka #prezydent2025 #CalaPolskaNaprzÃ³d #KobietyZaTrzaskowskim #KobietyNaWybory #NormalnaPolska #muremzawrzosek #KoalicjaOszustÃ³w,PiotrSiwek13,Wed Apr 16 18:21:04 +0000 2025
1912536732622274874,https://x.com/PCh24pl/status/1912536732622274874,SzokujÄ…ce sÅ‚owa Krzysztofa Stanowskiego podczas debaty prezydenckiej. Jako jedyny odwaÅ¼yÅ‚ siÄ™ powiedzieÄ‡ prawdÄ™ o aborcji w dziewiÄ…tym miesiÄ…cu ciÄ…Å¼y i upadku systemu ochrony zdrowia.  https://t.co/kbfqffhKj0  #DebataPrezydencka #Wybory2025 #Aborcja,PCh24pl,Wed Apr 16 16:01:04 +0000 2025
1912481822551736704,https://x.com/BartekPiekarsky/status/1912481822551736704,"Te czoÅ‚Ã³wki programu â€Codziennie Burzaâ€ w @RepublikaTV sÄ… po prostu bezbÅ‚Ä™dne! Tym razem w roli gÅ‚Ã³wnej nie poseÅ‚ KierwiÅ„ski, tylko kandydat RafaÅ‚ Trzaskowski i nasz ulubieniec pan @jakubiak_marek ğŸ¤£ğŸ’ª  #DebataRepubliki #DebataPrezydencka https://t.co/foOfJKVliA",BartekPiekarsky,Wed Apr 16 12:22:53 +0000 2025
1912461459205878020,https://x.com/JanIIISobiesk16/status/1912461459205878020,#Nawrocki2025Prezydentem #DebataRepubliki #DebataPrezydencka #DebataTrzaskowskiego #Debata #MarszTysiÄ…cleciaKrÃ³lestwaPolskiego #marsz12kwietnia #RepublikaWieczÃ³r #TVRepublika #wPolsce24 #NawrockiPrezydent2025 @KobietyZaKN25 https://t.co/Jvm6GL0qU5,JanIIISobiesk16,Wed Apr 16 11:01:58 +0000 2025
1912446848041701756,https://x.com/fmc27_news/status/1912446848041701756,"DEBATY POLITYCZNE TO USTAWKI I PROPAGANDA! Dr Artur Bartoszewicz, kandydat na prezydenta RP, rozprawia siÄ™ z absurdem polskiej polityki.    PREMIERA ,,NOSZ JAK ONI KÅAMIÄ„!"" JUÅ» DZIÅš NA FMC27NEWS! https://t.co/jOEswADFmW   #bartoszewicz #debata  #DebataPrezydencka #debatarepublika #TrzaskowskiPrezydentemPolski2025 #Nawrocki2025 #Mentzen2025   @artbaroficjalny",fmc27_news,Wed Apr 16 10:03:54 +0000 2025
1912415257663877487,https://x.com/radiopik/status/1912415257663877487,"- Debaty majÄ… mniejszÄ… wartoÅ›Ä‡, chyba, Å¼e... stajÄ… siÄ™ viralem, padnie jedno - dwa zdania, ktÃ³re rozniosÄ… siÄ™ po Internecie - mÃ³wiÅ‚a w â€Rozmowie Dnia""  politolog dr Magdalena Nowak-Paralusz. https://t.co/gDXgLCxwum  #RozmowDnia #WyboryPrezydenckie2025 #DebataPrezydencka https://t.co/DHL9XGOKz5",radiopik,Wed Apr 16 07:58:23 +0000 2025
1912376310208291162,https://x.com/AnayatA73549426/status/1912376310208291162,#Remember0416  #DebataPrezydencka  #ZEROBASEONE  #NexT1DE_DORN  Good morning ğŸŒ„ https://t.co/ISi6tvkO6b,AnayatA73549426,Wed Apr 16 05:23:37 +0000 2025
1912280569028690282,https://x.com/PopieramRuchDiP/status/1912280569028690282,"#DebataRepubliki  ""Dom wolnoÅ›ci sÅ‚owa"" Tak okÅ‚amuje siÄ™ spoÅ‚eczeÅ„stwo i to za nasze pieniÄ…dze!! Maciej Maciak Kandydat na Prezydenta RPğŸ‡µğŸ‡± - nie wpuszczany na #DebataPrezydencka  Imprezka dla swojakÃ³w.",PopieramRuchDiP,Tue Apr 15 23:03:10 +0000 2025
1912260663491035183,https://x.com/PCh24pl/status/1912260663491035183,"Kto wygraÅ‚, a kto okazaÅ‚ przegranym minionych debat prezydenckich? Jak wyglÄ…daÅ‚o tegoroczne Å›wiÄ™towanie 1000-Lecia Koronacji BolesÅ‚awa Chrobrego? O ty i wiÄ™cej w programie ""Tygodnik PCh24""!  https://t.co/1w71w0HSNV  #Koronacja #DebataPrezydencka #Wybory2025 #Rocznica",PCh24pl,Tue Apr 15 21:44:04 +0000 2025
1912257999432790107,https://x.com/KarolinaSkob99/status/1912257999432790107,ğŸ¤ #Wybory2025 #DebataPrezydencka #debata #polska2025 #prezydent https://t.co/h23WXzzzJO,KarolinaSkob99,Tue Apr 15 21:33:29 +0000 2025
1912246705094898021,https://x.com/Zamoyski1/status/1912246705094898021,W sztabie wyborczym Dupiarza po #debacie #KoÅ„skich wrze #DebataPrezydencka #debatarepubliki  https://t.co/0a5GLzm0a5,Zamoyski1,Tue Apr 15 20:48:36 +0000 2025
1912228962329325816,https://x.com/SStocha/status/1912228962329325816,Ja wygraÅ‚em wszystkie debaty  #debata #DebataPrezydencka,SStocha,Tue Apr 15 19:38:06 +0000 2025
1912224349786120654,https://x.com/Pelagia830911/status/1912224349786120654,"SKANDAL! Kandydat na prezydenta RP Maciej Maciak nie zostaÅ‚ zaproszony na debatÄ™ w tv Republika. A GÃ³jska-Hejke ciÄ…gle powtarzaÅ‚a, Å¼e zaprosili wszystkich!   #DomWolnegoSÅ‚owa #RepublikaPropagandy #TVRepublika #debata #DebataPrezydencka #debatarepublika #maciak2025 #Braun2025 https://t.co/OXUYwB0RSe",Pelagia830911,Tue Apr 15 19:19:47 +0000 2025
1912221268256125100,https://x.com/BBPolka2/status/1912221268256125100,"â€Nawrocki jest wytrenowany.â€ W Y T R E N O W A N Y  Przypominam, Å¼e w 2015 r. PiS teÅ¼ wytrenowaÅ‚ swojego kandydata. Ile razy musieliÅ›my siÄ™ za Andrzeja â€ja jako prezydentâ€ DudÄ™ wstydziÄ‡, przypominaÄ‡ chyba nie muszÄ™. #Wybory2025 #Wybory #debata #DebataPrezydencka #Prezydent2025",BBPolka2,Tue Apr 15 19:07:32 +0000 2025
1912220696433799190,https://x.com/Pelagia830911/status/1912220696433799190,#TVRepublika to sterowane przez ukrÃ³w narzÄ™dzie banderowskiej propagandy. Wszystko oczywiÅ›cie dyskretnie i po polsku. Niby #DomWolnegoSÅ‚owa ale tylko dla wybranych.   #debata #DebataPrezydencka #debatarepublika #propagandalive #Propaganda #Wybory,Pelagia830911,Tue Apr 15 19:05:16 +0000 2025
1912218482499899706,https://x.com/gosiabem/status/1912218482499899706,"#maciak #DebataPrezydencka #debatarepublika Znowu napiszÄ™, Å¼e Stanowski to stan umysÅ‚u. Kandydat na prezydenta nie jest zaproszony na #debata a #Stanowski pajacuje przed ğŸ¥, Å¼e zaproszenie Maciaka na wywiad tak, ale nie na tÄ… imprezkÄ™. To jest normalne? Kto qwa rzÄ…dzi tym krajem?",gosiabem,Tue Apr 15 18:56:28 +0000 2025
1912216881005555926,https://x.com/PiotrDadas/status/1912216881005555926,"Kto jak kto,ale ktoÅ› taki jak Stanowski w kampanii prezydenckiej jest bezcennyğŸ‘ #debata #DebataRepubliki #DebataPrezydencka #debatatrzaskowskiego",PiotrDadas,Tue Apr 15 18:50:06 +0000 2025
1912211337628811399,https://x.com/nextstacja/status/1912211337628811399,"Pan #Giertych wlasnie przyznal, ze gdyby @Trzaskowski2O25 pojawil sie na #debataprezydencka w @RepublikaTV, to by sie tylko osmieszyl.  Ciesze sie ze pan mecenas sam przyznal, iz w sztabie #Trzaskowski2025 jest ""pozar w burdelu"". ğŸ‘ #nigdyWiecejPO",nextstacja,Tue Apr 15 18:28:04 +0000 2025
1912202736524833247,https://x.com/nuunro_PL/status/1912202736524833247,Internet nie ma hamulcÃ³w   #Debata  #DebataPrezydencka https://t.co/smNOKYJzBH,nuunro_PL,Tue Apr 15 17:53:54 +0000 2025
1912201417642692965,https://x.com/pawel_zariczny/status/1912201417642692965,To za prezydentury @artbaroficjalny albo @K_Stanowski ğŸ˜‰ #debataprezydencka,pawel_zariczny,Tue Apr 15 17:48:39 +0000 2025
1912198901513216292,https://x.com/pawel_zariczny/status/1912198901513216292,Intro do #debataprezydencka w @OficjalneZero juÅ¼ gotowe. Koniecznie z ğŸ¶  https://t.co/gIeEKvmHFd,pawel_zariczny,Tue Apr 15 17:38:39 +0000 2025
1912189438970454245,https://x.com/TrueLifeBetter/status/1912189438970454245,#debata #DebataPrezydencka https://t.co/eTNRo5KLSX,TrueLifeBetter,Tue Apr 15 17:01:03 +0000 2025
1912186381251588531,https://x.com/whoiisjacob/status/1912186381251588531,dlaczego Adrian Zandberg siÄ™ myli? #zandberg #mentzen #nawrocki #trzaskowski #debata #DebataPrezydencka #debatarepublika https://t.co/dILFJ7BspO,whoiisjacob,Tue Apr 15 16:48:54 +0000 2025
1912185873812140302,https://x.com/kierowcaCE/status/1912185873812140302,#DebataPrezydencka #debatarepublika https://t.co/RVVyiaAU08,kierowcaCE,Tue Apr 15 16:46:53 +0000 2025
1912179004817154126,https://x.com/galson177/status/1912179004817154126,Jakubiak to prawdziwy Polak z prawdziwymi intencjami   Nic dodaÄ‡ nic ujÄ…Ä‡. #DebataPrezydencka #debata,galson177,Tue Apr 15 16:19:35 +0000 2025
1912170641303671063,https://x.com/AAkinima/status/1912170641303671063,Mamy adres mailowy. Numer telefonu zawsze siÄ™ znajdzie. MoÅ¼e wysyÅ‚ajmy masowo to CV do jakiegoÅ› Macdonalda albo KFC?? PrzecieÅ¼ to byÅ‚oby tak piÄ™kne   #debata #DebataRepubliki #DebataPrezydencka #SzymonHoÅ‚ownia2025 https://t.co/3balWnYGUJ,AAkinima,Tue Apr 15 15:46:21 +0000 2025
1912163044693852598,https://x.com/kamieniec/status/1912163044693852598,@szef_dywizji @TerZdzi MiÅ‚o widzieÄ‡ razem na #DebataPrezydencka i @TVRepublikapl  i @wPolscepl ğŸ‘ğŸ‘ğŸ‘ğŸ‘ğŸ‡µğŸ‡±,kamieniec,Tue Apr 15 15:16:10 +0000 2025
1912161174688326108,https://x.com/zaplutykarzelpl/status/1912161174688326108,#Wybory2025 #DebataPrezydencka #Rekin #OgÃ³rki #PrincePolo #polskikonserwatyzm #Polska   Hajda za rekinemdo okoÅ‚o Å›wiataaaa ğŸŒğŸ¦ˆğŸ¤¿,zaplutykarzelpl,Tue Apr 15 15:08:44 +0000 2025
1912156625281892627,https://x.com/RemekRemkowski/status/1912156625281892627,"Podpowiem, Å¼e nie byÅ‚o formuÅ‚y z karÅ‚ami, kulami disco i basenem wypeÅ‚nionym kisielem.  OglÄ…daÅ‚bym! #DebataPrezydencka  #debatarepublika  #DebataRepubliki",RemekRemkowski,Tue Apr 15 14:50:40 +0000 2025
1912153831804166425,https://x.com/dabkowsky/status/1912153831804166425,"Czy Trzaskowski napisaÅ‚ coÅ› na Twitterze w ciÄ…gu ostatnich dwÃ³ch dni? MartwiÄ™ siÄ™. Nie wiem, moÅ¼e jest na odwyku? KtoÅ› coÅ› wie? #SilniRazem #DebataPrezydencka #DruzynaNawrockiego",dabkowsky,Tue Apr 15 14:39:34 +0000 2025
1912149329403433177,https://x.com/LadyInB43912586/status/1912149329403433177,"Panie RafaU,TeleKOmunikacjÄ… miejskÄ…,PO Neostradzie???  A nie zaaresztujÄ…???ğŸ¤”ğŸ˜ğŸ˜‚  #humor #DebataPrezydencka #debatatrzaskowskiego #telekomunikacja #Neostrada https://t.co/M72SRWcLp1",LadyInB43912586,Tue Apr 15 14:21:40 +0000 2025
1912145003565953294,https://x.com/anjalis46976381/status/1912145003565953294,"The ""1369 Life Express"" service is the first China-Vietnam medical aid provider at the border between the two neighbors. #ÙŠØ²ÙŠØ¯_Ø§Ù„Ø±Ø§Ø¬Ø­ÙŠ #LaCasaDelLosFamosoCol #WWERawÂ Â Â  #AmbedkarJayanti #AVFC #clancyvienna #DebataPrezydencka #à¹‚à¸•à¹‚à¸™à¹ˆ #ValeTudo #SB19 #debata",anjalis46976381,Tue Apr 15 14:04:29 +0000 2025
1912144635000172807,https://x.com/anjalis46976381/status/1912144635000172807,"""We had expected U.S. President Trump's inauguration would be positive to the economy, real estate, stock markets and investments. #LaCasaDelLosFamosoCol #WWERawÂ Â Â  #AmbedkarJayanti #AVFC #clancyvienna #DebataPrezydencka #à¹‚à¸•à¹‚à¸™à¹ˆ #ValeTudo #SB19 #debata",anjalis46976381,Tue Apr 15 14:03:01 +0000 2025
1912144022816063883,https://x.com/anjalis46976381/status/1912144022816063883,"Despite better-than-expected performance in February, the British economy remains on fragile footing against the backdrop of global volatility #LaCasaDelLosFamosoCol #WWERawÂ Â Â  #AmbedkarJayanti #AVFC #clancyvienna #DebataPrezydencka #à¹‚à¸•à¹‚à¸™à¹ˆ #ValeTudo #SB19 #debata",anjalis46976381,Tue Apr 15 14:00:35 +0000 2025
1912143136786166211,https://x.com/anjalis46976381/status/1912143136786166211,China's total goods imports and exports in yuan-demo terms expanded 1.3  year on year in the first quarter of this year. #ãƒ•ã‚¡ãƒŸãƒã§ãƒãƒ¼æ´» #harqeel #SWICY #LaCasaDelLosFamosoCol #WWERawÂ Â Â  #AmbedkarJayanti #AVFC #clancyvienna #DebataPrezydencka #à¹‚à¸•à¹‚à¸™à¹ˆ #ValeTudo #SB19 #debata,anjalis46976381,Tue Apr 15 13:57:04 +0000 2025
1912142416020120048,https://x.com/anjalis46976381/status/1912142416020120048,"The fifth China International Consumer Products Expo held on the tropical island province of Hainan, has reaffirmed the country's position as a vital . #LaCasaDelLosFamosoCol #WWERawÂ Â Â  #AmbedkarJayanti #AVFC #clancyvienna #DebataPrezydencka #à¹‚à¸•à¹‚à¸™à¹ˆ #ValeTudo #SB19 #debata",anjalis46976381,Tue Apr 15 13:54:12 +0000 2025
1912141271524667446,https://x.com/anjalis46976381/status/1912141271524667446,"In the Al-Hidaya camp on the outskirts of Mogadishu, Somalia's capital. The suspension of U.S. humanitarian aid has dealt them a devastating blow. #LaCasaDelLosFamosoCol #WWERawÂ Â Â  #AmbedkarJayanti #AVFC #clancyvienna #DebataPrezydencka #à¹‚à¸•à¹‚à¸™à¹ˆ #ValeTudo #SB19 #debata",anjalis46976381,Tue Apr 15 13:49:39 +0000 2025
1912139543710482510,https://x.com/Malami26/status/1912139543710482510,"@alojjola @trzaskowaki, to nazywa pan uczciwym wyÅ›cigiem do prezydentury?Kompromitacja za kompromitacjÄ…! W pana sÅ‚owniku nie ma sÅ‚Ã³w takich jak honor i uczciwoÅ›Ä‡! Fabryka kÅ‚amstw i propagandy, to synonimy pana! Czy ktoÅ› taki moÅ¼e byÄ‡ prezydentem? Nieâ—â—â—#debataprezydencka",Malami26,Tue Apr 15 13:42:47 +0000 2025
1912136614362460650,https://x.com/anjalis46976381/status/1912136614362460650,"The U.S. government over the weekend quietly granted exemptions from the so-called ""#ReciprocalTariffs"" for electronic products,m. #LaCasaDelLosFamosoCol #WWERawÂ Â Â  #AmbedkarJayanti #AVFC #clancyvienna #DebataPrezydencka #à¹‚à¸•à¹‚à¸™à¹ˆ #ValeTudo #SB19 #debata",anjalis46976381,Tue Apr 15 13:31:09 +0000 2025
1912130338928668723,https://x.com/anjalis46976381/status/1912130338928668723,"Gabon's transitional leader Brice Clotaire Oligui Nguema has been elected president following Saturday's vote, the Interior Ministry announced on Sunday #LaCasaDelLosFamosoCol #WWERawÂ Â Â  #AmbedkarJayanti #AVFC #clancyvienna #DebataPrezydencka #à¹‚à¸•à¹‚à¸™à¹ˆ #ValeTudo #SB19 #debata",anjalis46976381,Tue Apr 15 13:06:13 +0000 2025
1912128427940773928,https://x.com/anjalis46976381/status/1912128427940773928,"""China has become the most dynamic of ASEAN's dialogue partners,"" said Abdul Majid Ahmad Khan, president of the Malaysia-China Friendship Association #LaCasaDelLosFamosoCol #WWERawÂ Â Â  #AmbedkarJayanti #AVFC #clancyvienna #DebataPrezydencka #à¹‚à¸•à¹‚à¸™à¹ˆ #ValeTudo #SB19 #debata",anjalis46976381,Tue Apr 15 12:58:37 +0000 2025
1912123014692372928,https://x.com/LibertarianCEO/status/1912123014692372928,"PILNE â€¼ï¸â€¼ï¸â€¼ï¸â€¼ï¸â€¼ï¸â€¼ï¸  âœ… Przypominam, Å¼e Pan SÅ‚awomir Mentzen ma najwiÄ™ksze szanse na wygranie w drugiej turze z Trzaskowskim ğŸ³ï¸â€ğŸŒˆ  #debata #DebataPrezydencka #Mentzen2025 https://t.co/DPWrG3JpzG",LibertarianCEO,Tue Apr 15 12:37:06 +0000 2025
1912122217032188245,https://x.com/anjalis46976381/status/1912122217032188245,Most planets may end up wandering alone in space. #LaCasaDelLosFamosoCol #WWERawÂ Â  #AmbedkarJayanti #AVFC #clancyvienna #DebataPrezydencka #à¹‚à¸•à¹‚à¸™à¹ˆ #ValeTudo #SB19 #debata,anjalis46976381,Tue Apr 15 12:33:56 +0000 2025
1912120214038127038,https://x.com/05nicolaa/status/1912120214038127038,"SÄ… dwie pÅ‚cie, tymczasem Stanowski: #DebataPrezydencka",05nicolaa,Tue Apr 15 12:25:59 +0000 2025
1912118088201273841,https://x.com/anjalis46976381/status/1912118088201273841,China's central gov't pledges full support for Macao's high-quality development . #LaCasaDelLosFamosoCol #WWERawÂ Â  #AmbedkarJayanti #AVFC #clancyvienna #DebataPrezydencka #à¹‚à¸•à¹‚à¸™à¹ˆ #ValeTudo #EXPO2025 #BUSbecauseofyouishine,anjalis46976381,Tue Apr 15 12:17:32 +0000 2025
1912113867179557249,https://x.com/tokecpar/status/1912113867179557249,#DebataRepubliki #DebataPrezydencka,tokecpar,Tue Apr 15 12:00:45 +0000 2025
1912109375528796414,https://x.com/anjalis46976381/status/1912109375528796414,Hamas said Monday evening that its leadership is reviewing the Gaza peace proposal received from the mediators and will submit its response on #LaCasaDelLosFamosoCol #WWERawÂ Â  #AmbedkarJayanti #AVFC #clancyvienna #DebataPrezydencka #à¹‚à¸•à¹‚à¸™à¹ˆ #ValeTudo #BUSbecauseofyouishine,anjalis46976381,Tue Apr 15 11:42:55 +0000 2025
1912109020896174479,https://x.com/PrawyProstyEU/status/1912109020896174479,ğŸŸ£ Debaty i bunt planktonu oraz narodziny faszyzmu w Polsce ğŸŸ£  Na komentarz tygodnia bez cenzury zaprasza Krzysztof Chmielnik @krzysztof_sc i Adam RuszczyÅ„ski @Ruszczynski56  #PrawyProstyEU #DebataRepubliki #debata #DebataPrezydencka #WyboryPrezydenckie2025,PrawyProstyEU,Tue Apr 15 11:41:30 +0000 2025
1912107183766118810,https://x.com/Evil53061051/status/1912107183766118810,Czy Sikorski chce podmieniÄ‡ Trzaskowskiego?  #debata #debataprezydencka #debatarepubliki #Trzaskowski2025,Evil53061051,Tue Apr 15 11:34:12 +0000 2025
1912095918721007687,https://x.com/jedrek_polski/status/1912095918721007687,Po #DebataRepubliki #DebataPrezydencka w @RepublikaTV pozostaje pytanie wynikajÄ…ce z klÄ™ski #RafaÅ‚Wtopa na kogo postawi kierownik szmeru i PR-owego bajeru TuSSk ? na SÅ‚awka ? #Kataryniarz  czy na Szymka ? #ClownTVN  Obaj bÄ™dÄ… pilnie sÅ‚uÅ¼yÄ‡ by zniszczyÄ‡ obÃ³z patriotyczny @pisorgpl https://t.co/M9eKY395KR,jedrek_polski,Tue Apr 15 10:49:26 +0000 2025
1912094550010581222,https://x.com/KsaweryJanusze1/status/1912094550010581222,Moje podsumowanie #debata #DebataPrezydencka #debatarepublika #Trzaskowski2025 #Nawrocki2025 #Mentzen2025 #HoÅ‚ownia2025 #senyszyn2025 #TrzaskamyPierwszÄ…TurÄ™ #TrzaskowskiTeam #trzaskamybanery #NawrockiPrezydent2025 #Nawrocki2025Prezydentem #Stanowski #Zandberg #zandberg2025 #Tusk https://t.co/p7RAZkebvH,KsaweryJanusze1,Tue Apr 15 10:44:00 +0000 2025
1912094132685635825,https://x.com/mikroJDG/status/1912094132685635825,WytÅ‚umaczy mi ktoÅ› po co sobie chÅ‚op w polu wyksztaÅ‚cenie wpisuje Psychologia studia magisterskie NIEUKOÅƒCZONE?  RÃ³wnie dobrze mÃ³gÅ‚bym siÄ™ dziÅ› zapisaÄ‡ na prawo i wpisywaÄ‡: WyksztaÅ‚cenie PRAWNIK - studia nieukoÅ„czone. Co to jest? NastÄ™pna @KotulaKat ?  #debata #DebataPrezydencka,mikroJDG,Tue Apr 15 10:42:20 +0000 2025
1912093680023781501,https://x.com/Bartosz47335846/status/1912093680023781501,"RafaÅ‚ byÅ‚ tylko z tektury, SÅ‚awek jak katarynka, Tadeusz Batyr drewniany, a Szymon HoÅ‚ownia po raz trzeci z rzÄ™du merytoryczny i znÃ³w wygrany. #szymonholownia2025 #debata #DebataPrezydencka #debatarepublika https://t.co/0j9GqYRCcF",Bartosz47335846,Tue Apr 15 10:40:32 +0000 2025
1912088475806863824,https://x.com/Northeast2Delhi/status/1912088475806863824,@hvgoenka Wow nice #ValeTudo #NexT1DE_DORN #DustBia #DebataPrezydencka #DominATE_Mexico #demol,Northeast2Delhi,Tue Apr 15 10:19:52 +0000 2025
1912085367840264538,https://x.com/r1kuOfficial/status/1912085367840264538,Szymon HoÅ‚ownia w debacie republiki:  1. KÅAMAÅ w sprawie swojego podejÅ›cia do euro  2. KÅAMAÅ w sprawie swojego podejÅ›cia do MercusÃ³w 3. KÅAMAÅ w sprawie nielegalnie przekraczajÄ…cych granice imigrantÃ³w w sejmie  ...  1/2 ğŸ§µ  #debata #DebataRepubliki #DebataPrezydencka,r1kuOfficial,Tue Apr 15 10:07:31 +0000 2025
1912083223087116340,https://x.com/NoToXDDD/status/1912083223087116340,PiÄ™knie @SlawomirMentzen wypunktowaÅ‚ caÅ‚Ä… hipokryzjÄ™ i obnaÅ¼yÅ‚ wszystkie kÅ‚amstwa @szymon_holownia ğŸ˜  #debata #DebataPrezydencka,NoToXDDD,Tue Apr 15 09:58:59 +0000 2025
1912082667207524664,https://x.com/anjalis46976381/status/1912082667207524664,"Chinese border officers handled 163 million entries and exits from January to March 2025, marking an increase of 15.3 percent year on year, authorities said on Tuesday. #LaCasaDelLosFamosoCol #WWERawÂ  #AmbedkarJayanti #AVFC #clancyvienna #DebataPrezydencka #à¹‚à¸•à¹‚à¸™à¹ˆ #ValeTudo",anjalis46976381,Tue Apr 15 09:56:47 +0000 2025
1912082215531315254,https://x.com/Cruchanger/status/1912082215531315254,"Jak myÅ›licie, co by powiedziaÅ‚ pan Marek Jakubiak gdyby siÄ™ przewrÃ³ciÅ‚ na rowerze? Kogo to wina i kto miaÅ‚by w tym interes, w upadku Polaka na rowerze w Polsce? #debata  #DebataPrezydencka https://t.co/O0LInLr04V",Cruchanger,Tue Apr 15 09:54:59 +0000 2025
1912081786898878534,https://x.com/maryam_shah11/status/1912081786898878534,"With a diverse and advanced fleet of over 3,700 armored vehicles, Pakistan solidifies its position as a key military power in the region, showcasing a mix of indigenous and foreign-made tanks such as the Al-Khalid and Haider. #SB19 #DebataPrezydencka #NexT1DE_DORN #FelizLunes https://t.co/jEivkgV8xb",maryam_shah11,Tue Apr 15 09:53:17 +0000 2025
1912080258666279009,https://x.com/anjalis46976381/status/1912080258666279009,"Big data and AI technologies offer new ways to record, understand and protect the biological treasure trove in south China's Guangdong Province. #LaCasaDelLosFamosoCol #WWERawÂ  #AmbedkarJayanti #AVFC #clancyvienna #DebataPrezydencka",anjalis46976381,Tue Apr 15 09:47:13 +0000 2025
1912080011164528987,https://x.com/Deepakprakash07/status/1912080011164528987,A world first from Wuhan Union Hospital: doctors successfully implanted a 45g magnetic heart device in a 7-year-old battling end-stage heart failure.  #LaCasaDelLosFamosoCol #WWERawÂ  #AmbedkarJayanti #AVFC #clancyvienna #DebataPrezydencka,Deepakprakash07,Tue Apr 15 09:46:14 +0000 2025
1912079216801112353,https://x.com/Prometheus_UK7/status/1912079216801112353,"PamiÄ™tacie , Å¼e sÄ… 4 pÅ‚cie . A jednÄ… z tych pÅ‚ci jest ,, Facet bez jaj "" do ktÃ³rej naleÅ¼y RafaÅ‚ Trzaskowski ğŸ˜…  #Stanowski #Trzaskowski #Mentzen #debata #DebataPrezydencka #debatarepublika #Polska #Polityka #Braun #Konfederacja https://t.co/UFkl07kehv",Prometheus_UK7,Tue Apr 15 09:43:04 +0000 2025
1912078614348071132,https://x.com/anjalis46976381/status/1912078614348071132,A world first from Wuhan Union Hospital: doctors successfully implanted a 45g magnetic heart device in a 7-year-old battling end-stage heart failure. l #LaCasaDelLosFamosoCol #WWERawÂ  #AmbedkarJayanti #AVFC #clancyvienna #DebataPrezydencka,anjalis46976381,Tue Apr 15 09:40:41 +0000 2025
1912077783930450300,https://x.com/Deepakprakash07/status/1912077783930450300,Wow this is so beautiful  ğŸ˜l #LaCasaDelLosFamosoCol #WWERawÂ  #AmbedkarJayanti #AVFC #clancyvienna #DebataPrezydencka,Deepakprakash07,Tue Apr 15 09:37:23 +0000 2025
1912076083530518572,https://x.com/animals_matthew/status/1912076083530518572,Aww love â¤ï¸â¤ï¸ğŸ”¥ #GranHermano2025 #GranHernano #DebataPrezydencka #SB19 #SimulaAtWakas #SaWWorldTourKickoff #qanda #NexT1DE https://t.co/AlDq6QLbmJ,animals_matthew,Tue Apr 15 09:30:37 +0000 2025
1912074757505163488,https://x.com/BaronIksa/status/1912074757505163488,ğŸ¤£ğŸ¤£ğŸ¤£ #WyboryPrezydenckie2025  #DebataPrezydencka https://t.co/qnROaHk54l,BaronIksa,Tue Apr 15 09:25:21 +0000 2025
1912070107712348591,https://x.com/LibertarianCEO/status/1912070107712348591,O wyborcach Trzaskowskiego ğŸ’  https://t.co/UHqjOQ7tUM  #Trzaskowski2025 #TrzaskowskiPrezydentemPolski2025 #SilniRazem #debata #DebataPrezydencka #debatarepublika,LibertarianCEO,Tue Apr 15 09:06:52 +0000 2025
1912069592610181589,https://x.com/FrancinePrey/status/1912069592610181589,#LazAINetwork + iDAOs = true transparency in AI!  Community-driven validation is the key to ethical AI. Say goodbye to shady black boxes!  #AIForThePeople #Crypto #TrumpTariffs #dolar #debata #DustBia #DebataPrezydencka #EleccionesEcuador2025 #EXPO2025 #ErkenSecim #bahrain,FrancinePrey,Tue Apr 15 09:04:50 +0000 2025
1912068931604586776,https://x.com/Koreykay332763/status/1912068931604586776,"#LazAINetwork is here to disrupt AI!  Your data isnâ€™t for tech giants to hoardâ€”itâ€™s YOURS. With DATs, youâ€™re rewarded for contributions. Letâ€™s talk data ownership!  #LazAI #Crypto #Blockchain #dolar #DustBia #DebataPrezydencka #EleccionesEcuador2025 #EXPO2025 #ErkenSecim",Koreykay332763,Tue Apr 15 09:02:12 +0000 2025
1912068878022177047,https://x.com/AntoniOwacki/status/1912068878022177047,"#DebataPrezydencka #DebataRepubliki #debata  Tak wiÄ™c pora na film pt. TaÅ„czÄ…cy z rekinami #Trzaskowski2025 jest idiotÄ…, przewodnikiem ciemniakÃ³w.",AntoniOwacki,Tue Apr 15 09:01:59 +0000 2025
1912067359784706409,https://x.com/janusz_ksawery/status/1912067359784706409,"O wiÄ™kszego trudno Zucha, jak byÅ‚ Stefek Burczymucha... ğŸ˜‚ @K_Stanowski   #debata #DebataPrezydencka https://t.co/zZYVgrc43s",janusz_ksawery,Tue Apr 15 08:55:57 +0000 2025
1912065703558918255,https://x.com/FanbookMagazyn/status/1912065703558918255,O ugruntowane przekonania dziÅ› bardzo trudno   #cytatdnia #cytat #fanbook #postprawda #moleksiÄ…Å¼kowe #ksiÄ…zkowemole #debata #DebataRepubliki #DebataPrezydencka #Mentzen #Braun #Stanowski #Zanberg #Nawrocki https://t.co/YT5Fb6uhTj,FanbookMagazyn,Tue Apr 15 08:49:22 +0000 2025
1912055990184292821,https://x.com/BogdanKowalski_/status/1912055990184292821,â¡ï¸Czy Tusk skazaÅ‚ Trzaskowskiego na tchÃ³rzostwo bo nie chciaÅ‚ legitymizowaÄ‡ @RepublikaTV ? A moÅ¼e jedno i drugie zdecydowaÅ‚o o nieobecnoÅ›ci Trzaskowskiego w #DebataPrezydencka  â¡ï¸Pewne jest to: @RepublikaTV osiÄ…gnÄ™Å‚a sukces a Trzaskowski stchÃ³rzyÅ‚. â€¼ï¸,BogdanKowalski_,Tue Apr 15 08:10:46 +0000 2025
1912055976158494846,https://x.com/anjalis46976381/status/1912055976158494846,Wow this so beautiful #LaCasaDelLosFamosoCol #WWERaw #AmbedkarJayanti #AVFC #clancyvienna #DebataPrezydencka,anjalis46976381,Tue Apr 15 08:10:43 +0000 2025
1912054258767134973,https://x.com/KnL_15/status/1912054258767134973,#DebataRepubliki  #DebataPrezydencka   Autor: Antoni Koch https://t.co/TFyrkySZbE,KnL_15,Tue Apr 15 08:03:54 +0000 2025
1912053887780995128,https://x.com/CEEtranslation/status/1912053887780995128,",,Wracaj do Polskiâ€™â€™ mÃ³wiÄ….  ,,Polska siÄ™ zmieniÅ‚aâ€™â€™ mÃ³wiÄ….  Nawet debata to niewypaÅ‚.   BoÅ¼e, widzisz i nie grzmiszâ€¦ (wybaczcie ateiÅ›cie, ale innych sÅ‚Ã³w znaleÅºÄ‡ nie umiem)   #DebataPrezydencka https://t.co/XKeIQDq70c",CEEtranslation,Tue Apr 15 08:02:25 +0000 2025
1912053761809277233,https://x.com/chlibowick1992/status/1912053761809277233,"TaÅ„czÄ…cy z rekinami ... ğŸ¤£ czyli polityczna kreacja tÄ™czowego ""RafaÅ‚u"" rodem z Hollywood.  Czy Polska jest gotowa na  takiego ""bohatera""ğŸ¤£â“  #DebataPrezydencka #Nawrocki2025  #TVRepublika #Jedziemy  #nawrocki_w_1_turze https://t.co/FNWv1WKn6w",chlibowick1992,Tue Apr 15 08:01:55 +0000 2025
1912051235340869725,https://x.com/Holownia2025/status/1912051235340869725,Bez dwÃ³ch zdaÅ„. #debata #DebataPrezydencka #szymonholownia2025 #szymonpostronieludzi https://t.co/mEENJcYuZZ,Holownia2025,Tue Apr 15 07:51:53 +0000 2025
1912049857126088926,https://x.com/r1kuOfficial/status/1912049857126088926,"Pytam siÄ™ tym razem #pociagPrawych. Czy wy w ogÃ³le uÅ¼ywacie mÃ³zgu? NaprawdÄ™ chcecie gÅ‚osowaÄ‡ na Nawrockiego?  Pytanie o energie: ""Duda zrobiÅ‚ juÅ¼ wiele a wie, Å¼e przyjdzie po nim konkretny goÅ›Ä‡, Ja, Karol Nawrocki, i ja to zrobiÄ™"".  Serio? #DebataPrezydencka  #DebataRepubliki",r1kuOfficial,Tue Apr 15 07:46:24 +0000 2025
1912049139015209287,https://x.com/ZlyKapitalista/status/1912049139015209287,Co to w ogÃ³le za pytanie? Xd  #DebataPrezydencka #DebataRepubliki https://t.co/J8FI39WHaz,ZlyKapitalista,Tue Apr 15 07:43:33 +0000 2025
1912046539565834580,https://x.com/MetheZala/status/1912046539565834580,"ByÅ‚em wczoraj na szkoleniu z pracy w Warszawie i nasz instruktor postanowiÅ‚ pogadaÄ‡ sobie o polityce, wiÄ™c zaczÄ…Å‚ przekonywaÄ‡ Å¼e na Nawrockiego to gÅ‚osujÄ… tylko gÅ‚upki bo to bandzior. Agitacja polityczna za pieniÄ…dze mojej firmy, nieÅºle. #Wybory2025 #DebataPrezydencka https://t.co/x8yOzgsoZ9",MetheZala,Tue Apr 15 07:33:13 +0000 2025
1912046148623179802,https://x.com/OnnPiotrek/status/1912046148623179802,@trzaskowski_ @DSubbotko @WydawnictwoZnak @Znak_Literanova Trzaskowski w tej ksiÄ…Å¼ce przebija Lecha WaÅ‚Ä™sÄ™. Polecam kaÅ¼demu kto lubi dobre sci fi. #DebataPrezydencka #jaws #xd,OnnPiotrek,Tue Apr 15 07:31:40 +0000 2025
1912046148514205826,https://x.com/Polityka_wSieci/status/1912046148514205826,"ğŸ™ï¸ Debata #debata #DebataPrezydencka  â€“ ğŸ“º TV Republika @RepublikaTV  ğŸ”ˆ ZasiÄ™g: 480 MLN | ğŸ” Zainteresowanie: numer 1 ğŸ‡µğŸ‡± â™¦ï¸ Åšrednio 17,4 ekspozycji na osobÄ™. To oznacza ekstremalnie wysokÄ… intensywnoÅ›Ä‡ ekspozycji â€“ przeciÄ™tny uÅ¼ytkownik zetknÄ…Å‚ siÄ™ z treÅ›ciÄ… ponad 17 razy. ğŸ’¬ 198â€¯000 wzmianek /Â  24 godzin: â€“ Åšrednio 8â€¯250 wzmianek na godzinÄ™ â€“ Åšrednio 137,5 wzmianek na minutÄ™  Kto wygraÅ‚ debatÄ™ wedÅ‚ug komentujÄ…cych?  ğŸ”— PeÅ‚en raport https://t.co/GGZKguzu6F",Polityka_wSieci,Tue Apr 15 07:31:40 +0000 2025
1912041030792208511,https://x.com/AntoniPiechocki/status/1912041030792208511,"Na Rynku w  KoÅ„skich w .@RepublikaTV. Racja, prowadzili jÄ… dziennikarze, a nie wynajÄ™ci klakierzy. #DebataPrezydencka #DebatePresidencial2025 https://t.co/kPLdjKwedg",AntoniPiechocki,Tue Apr 15 07:11:20 +0000 2025
1912039005224398889,https://x.com/KrzychuKillzook/status/1912039005224398889,MÃ³wicie Å¼e na debacie republiki byÅ‚ kartonowy #TrzaskowskiPrezydentemPolski2025  #TrzaskamyPierwszÄ…TurÄ™ #TrzaskowskiTeam #Trzaskowski2025  #debata #DebataPrezydencka #debatarepublika,KrzychuKillzook,Tue Apr 15 07:03:17 +0000 2025
1912038660175704430,https://x.com/BazowoCom/status/1912038660175704430,"Debata prezydencka w Republice: BezpieczeÅ„stwo, polityka spoÅ‚eczna i ostre starcie kandydatÃ³w! Mentzen kontra reszta ws. Ukrainy? Co jeszcze padÅ‚o?  https://t.co/mRXH32OrHq  #DebataPrezydencka #Republika #Wybory #Polska https://t.co/ACFzhLKMlU",BazowoCom,Tue Apr 15 07:01:55 +0000 2025
1912038588205740103,https://x.com/BartSzulik/status/1912038588205740103,â€Mam najwiÄ™ksze szanse na wygranie z RafaÅ‚em Trzaskowskim w drugiej turze.â€ â€“ nowy dzwonek w telefonach pracownikÃ³w @RepublikaTV  #debata #DebataPrezydencka #konfederacja,BartSzulik,Tue Apr 15 07:01:38 +0000 2025
1912037428082122904,https://x.com/Kluska212/status/1912037428082122904,"@domi_dlugosz WidzÄ™, Å¼e ciÄ™Å¼ko poÅ‚knÄ…Ä‡ gorzkÄ… piguÅ‚kÄ™ tak wielkÄ… jak poraÅ¼ka @trzaskowski_  w #DebataPrezydencka w @Republ",Kluska212,Tue Apr 15 06:57:01 +0000 2025
1912037426341556547,https://x.com/alojjola/status/1912037426341556547,â€¼ï¸Na tiktoku gorÄ…co. ZgÅ‚aszajÄ… siÄ™ kolejni twÃ³rcy ktÃ³rych chciaÅ‚ wykorzystaÄ‡ do siania propagandy RafaÅ‚ Trzaskowskiâ€¼ï¸  Czy jego ludzie sÄ… aÅ¼ tak prymitywni â‰ï¸   #debata #DebataPrezydencka https://t.co/etyK85C0fp,alojjola,Tue Apr 15 06:57:01 +0000 2025
1912037426106941847,https://x.com/alojjola/status/1912037426106941847,â€¼ï¸Na tiktoku gorÄ…co. ZgÅ‚aszajÄ… siÄ™ kolejni twÃ³rcy ktÃ³rych chciaÅ‚ wykorzystaÄ‡ do siania propagandy RafaÅ‚ Trzaskowskiâ€¼ï¸  Czy jego ludzie sÄ… aÅ¼ tak prymitywni â‰ï¸   #debata #DebataPrezydencka https://t.co/CDVRwIS5df,alojjola,Tue Apr 15 06:57:00 +0000 2025
1912031674956656706,https://x.com/Karol_Mitypo/status/1912031674956656706,"@Radio_RMF24 kompletnie pomija najistotniejszy postulat Bartoszewicza bo tylko on dotknÄ…Å‚ istotnie sposobÃ³w reformy sÅ‚uÅ¼by zdrowia. Rozdzielnie lekarzy na sektor prywatny i paÅ„stwowy to jest istota efektywnoÅ›ci, a on o tym powiedziaÅ‚ #DebataPrezydencka https://t.co/0OjtPDZx7B",Karol_Mitypo,Tue Apr 15 06:34:09 +0000 2025
1912028412631200077,https://x.com/dwgzwha/status/1912028412631200077,DzieÅ„ dobry PaÅ„stwu jak tam wraÅ¼enia po Debacie ğŸ˜ğŸ˜‚?   Kto wygraÅ‚ kto przegraÅ‚ aaa RafaÅ‚ jak zwykle przegraÅ‚ ğŸ¤£  #DebataPrezydencka #debata #DebataRepubliki https://t.co/KGxyyOrPko,dwgzwha,Tue Apr 15 06:21:11 +0000 2025
1912027609061347757,https://x.com/KaczmarekSlawek/status/1912027609061347757,Traktowanie #TVP i #TVN24 jako obiektywnych mediÃ³w to jakiÅ› Å¼art! To po prostu bojÃ³wki #PO i ich marnego kandydata! #DebataPrezydencka  #Wybory2025,KaczmarekSlawek,Tue Apr 15 06:18:00 +0000 2025
1912027463556702340,https://x.com/KrzysiekPiorun/status/1912027463556702340,@delestoile PrzypomnÄ™ Polakom kto zniszczyÅ‚ monolit Polski w 8 lat  #DebataPrezydencka #DebataRepubliki #Polska #Warszawa #Krakow #Szczecin #Gdansk #Wroclaw #Poznan https://t.co/RrTaUZ7L5D,KrzysiekPiorun,Tue Apr 15 06:17:25 +0000 2025
1912026967357915530,https://x.com/Bycmozemozebyc/status/1912026967357915530,"No i po debacie SÅ‚awek sÅ‚abo wypadÅ‚. HoÅ‚ownia jako konferansjer telewizyjny po raz kolejny wypada najlepiej widaÄ‡, Å¼e na debatach czuje siÄ™ zdecydowanie najlepiej. #DebataPrezydencka",Bycmozemozebyc,Tue Apr 15 06:15:27 +0000 2025
1912026645197709496,https://x.com/KaczmarekSlawek/status/1912026645197709496,"Buta, pycha i arogancja wÅ‚adzy! PiÄ™knie siÄ™ kompromitujecie frajerzy! Polacy was ukaÅ¼Ä…! #hipokryzja #Å¼enada  #PO #Wybory2025  #DebataPrezydencka",KaczmarekSlawek,Tue Apr 15 06:14:10 +0000 2025
1912021731411194231,https://x.com/ASHISHBha12/status/1912021731411194231,#DebataPrezydencka #DarnellNurse,ASHISHBha12,Tue Apr 15 05:54:39 +0000 2025
1912021586074345798,https://x.com/mdw_warszawa_/status/1912021586074345798,Rany jaki ten HoÅ‚ownia to jest dzban i prostak XD #Mentzen2025 #MentzenDrugaTura #debata #DebataRepubliki #DebataPrezydencka #debatarepublika https://t.co/NUBbnh63rx,mdw_warszawa_,Tue Apr 15 05:54:04 +0000 2025
1912021282817794083,https://x.com/DabrowskiArek/status/1912021282817794083,"Jak dla mnie, zwyciÄ™zcÄ… wczorajszej debaty jest @szymon_holownia ğŸ‘ Poza bÅ‚ysktoliwymi wypowiedziami, jako jedyny wyszedÅ‚ wczoraj z darmowymi biletami na #ElClÃ¡sico âš½ï¸âš½ï¸âš½ï¸ #DebataRepubliki #debata #DebataPrezydencka",DabrowskiArek,Tue Apr 15 05:52:52 +0000 2025
1912020780302344626,https://x.com/RichieBeepBeep/status/1912020780302344626,NajwiÄ™ksze odkrycie tej debaty? Å»e bez Platformy moÅ¼liwa jest rozmowa rÃ³Å¼niÄ…cych siÄ™ stron. #DebataPrezydencka,RichieBeepBeep,Tue Apr 15 05:50:52 +0000 2025
1912020649822048318,https://x.com/Observator_1/status/1912020649822048318,NajwiÄ™ksze szanse na wygranie w II turze z RafaÅ‚em Trzaskowskim ma SÅ‚awomir Mentzen.   #DebataRepubliki #debata #DebataPrezydencka #debatarepublika,Observator_1,Tue Apr 15 05:50:21 +0000 2025
1912020545484345446,https://x.com/chlibowick1992/status/1912020545484345446,#DebataPrezydencka  Mam dobrÄ… radÄ™ dla  TIK TOK-owego elektoratu KONFEDERACJI. OtwÃ³rzcie oczy. Nie marnujcie gÅ‚osÃ³w. @SlawomirMentzen  jest BEZNADZIEJNY â€¼ï¸   #Nawrocki2025  #TVRepublika  #jedziemy https://t.co/QE5rY9UsSu,chlibowick1992,Tue Apr 15 05:49:56 +0000 2025
1912017936463569242,https://x.com/damazy_czorgut/status/1912017936463569242,@KolendaK #Waldek w wzglÄ™dzie nudy siÄ™ zgadzaâ€¦ Takâ€¦ nudno byÅ‚o bo nikt nikogo nie obraÅ¼aÅ‚ i nikt nikogo nie nazywaÅ‚ faszystÄ….  ByÅ‚o po prostu normalnie i bez szczucia. Jak Pani myÅ›liâ€¦ kogo to byÅ‚a zasÅ‚uga?  #DebataPrezydencka #DebataRepubliki #debata #debatarepublika,damazy_czorgut,Tue Apr 15 05:39:34 +0000 2025
1912015289463472416,https://x.com/garosangmma/status/1912015289463472416,@RadioGenoa Sad #SongkranFestivalxDAOU #dasperfektedinner #DebataPrezydencka #CSKvLSG,garosangmma,Tue Apr 15 05:29:03 +0000 2025
1912011812683329636,https://x.com/RafalForys/status/1912011812683329636,"Ten, kto wymyÅ›liÅ‚ koÅ„cÃ³wkÄ™ wypowiedzi dla KsiÄ™gowego, zasÅ‚uguje na pochwaÅ‚Ä™ zarÃ³wno w trybie dziennym, jak i nocnym.  #DebataRepubliki #DebataPrezydencka https://t.co/K9xvmhY3Hx",RafalForys,Tue Apr 15 05:15:14 +0000 2025
1912009127930232886,https://x.com/minerscare/status/1912009127930232886,"#DrugaTuraBezBÄ…Å¼ura #Czaskowskim Trzaskowskiego nie bÄ™dzie w ogÃ³le w drugiej turze. Jak ci zaczynajÄ… bandyci przez okno z noÅ¼ami zaglÄ…daÄ‡ - a odpowiedzialny jest za to czÅ‚owiek ""baner bajer tusk"" - to siÄ™ BUDZISZ (trzask to czÅ‚owiek DYKTA) #DebataPrezydencka #debata https://t.co/1gcOfFfWdt",minerscare,Tue Apr 15 05:04:34 +0000 2025
1912008630989103375,https://x.com/Zamoyski1/status/1912008630989103375,@NawrockiKn wspÃ³lnie idziemy po zwyciÄ™stwo #debata #debatarepubliki #debataprezydencka #nawrocki_w_1_turze https://t.co/O4PPpB4MNK,Zamoyski1,Tue Apr 15 05:02:35 +0000 2025
1912008409542512835,https://x.com/Cacanka_Nie/status/1912008409542512835,"Debata ciekawa. Na przyszÅ‚yÅ›Ä‡: kaÅ¼da mÃ³wnica z nazwiskiem kandydata, gdy nadchodzi moment, w ktÃ³rym powinien wypowiedzieÄ‡ siÄ™ nieobecny kandydat  pokazujecie pustÄ… mÃ³wnicÄ™ z nazwiskiem i prowadzÄ…cy mÃ³wi: teraz byÅ‚aby kolej Pana X ale nie przybyÅ‚ @RepublikaTV  #DebataPrezydencka",Cacanka_Nie,Tue Apr 15 05:01:42 +0000 2025
1912006490207985997,https://x.com/Brzozka400/status/1912006490207985997,"#DebataRepubliki #DebataPrezydencka  Pan MarszaÅ‚ek mÃ³wi Å¼e nie chce euro a w wielu wywiadach mÃ³wiÅ‚, Å¼e chce. To tylko jeden z przykÅ‚adÃ³w  Apel do kandydatÃ³w, przestaÅ„cie karmi. SpoÅ‚eczeÅ„stwo obietnicami z kosmosu.  Zielony Å‚ad- haracze w formie ets",Brzozka400,Tue Apr 15 04:54:05 +0000 2025
1912000431158599692,https://x.com/KacprzezduzeW/status/1912000431158599692,"Podczas wczorajszej debaty byÅ‚y emocje, przytyki, wymiana ciosÃ³w i najciekawsza jak do tej pory. Niebo i ziemia w porÃ³wnaniu z Neotvp w likwidacji, gdzie byÅ‚a nudna i monotonna. Czekamy na nastÄ™pnÄ…. Gratulacje @RepublikaTV #DebataRepubliki  #debatarepublika  #DebataPrezydencka",KacprzezduzeW,Tue Apr 15 04:30:00 +0000 2025
1912000429346480294,https://x.com/Salon24pl/status/1912000429346480294,"Debata w TV Republika z tekturowym Trzaskowskim. â€Wiem, jak oczyÅ›ciÄ‡ to szamboâ€ #debata  #DebataPrezydencka  #debatarepublika #DebataRepubliki #Wybory2025 #wybory #TVRepublika  https://t.co/D6ImkLpe61",Salon24pl,Tue Apr 15 04:30:00 +0000 2025
1911992880555491724,https://x.com/KacprzezduzeW/status/1911992880555491724,-najciekawsza czÄ™Å›Ä‡ to wymiana ciosÃ³w miÄ™dzy cziÅ‚aÅ‚Ä… a Mentzenem -Å‚adny ukÅ‚on @jakubiak_marek w stronÄ™ #Nawrocki2025 dot. CPK -Nawrocki wybrnÄ…Å‚ z niewygodnych pytaÅ„ -Braun bez zaskoczenia -Reszta nie istnieje. Dobrego wtorku. #DebataRepubliki #debatarepublika #DebataPrezydencka,KacprzezduzeW,Tue Apr 15 04:00:00 +0000 2025
1911985931856323068,https://x.com/Hornbill_Naga/status/1911985931856323068,@RTEUrdu #zonauang #zelena #heleners #dasperfektedinner #DebataPrezydencka,Hornbill_Naga,Tue Apr 15 03:32:23 +0000 2025
1911979976389243363,https://x.com/lezcanotech/status/1911979976389243363,History Made at Coachella ğŸ‡¬ğŸ‡­ #BlackStar2025  @amaarae amaarae #Coachella2025 #DebataPrezydencka https://t.co/tm1z78NnNc,lezcanotech,Tue Apr 15 03:08:43 +0000 2025
1911974619260559565,https://x.com/Adees4795/status/1911974619260559565,Libtardsâ€¦. #KingPowerSongkran2025xLYKN #heleners #SongkranFestivalxDAOU #debata #DebataPrezydencka https://t.co/Hi0HDdjlSG,Adees4795,Tue Apr 15 02:47:26 +0000 2025
1911929669764702241,https://x.com/T1_KangJie/status/1911929669764702241,There is a serious chance that #RealMadrid will change their coach if they are eliminated against #Arsenal in 2 daysâ€™ time as many are expecting.   #debata #DebataPrezydencka #Elecciones2025Ecuador #hcafc #KingPowerSongkran2025xLYKN #LSGvsCSK #LaCasaDelLosFamososCol,T1_KangJie,Mon Apr 14 23:48:49 +0000 2025
1911928886595612752,https://x.com/VipGameS_FPA/status/1911928886595612752,"DoÅ‚Ä…czam siÄ™ do sÅ‚Ã³w prawdy, iÅ¼ @SlawomirMentzen ma najwiÄ™ksze szanse na wygranÄ… w II turze z RafaÅ‚em Trzaskowskim :)   #DebataPrezydencka #debatarepublika",VipGameS_FPA,Mon Apr 14 23:45:43 +0000 2025
1911922946110898280,https://x.com/Polak_z_Polnocy/status/1911922946110898280,"W rundzie pytaÅ„ @SlawomirMentzen wypadÅ‚ Å›wietnie totalna orka na @GrzegorzBraun_, @szymon_holownia, Senyszyn a nawet nieobecnemu @trzaskowski_ zadaÅ‚ pytanie xD. Szkoda tylko Å¼e pan @jakubiak_marek zabraÅ‚ kartonowego RafaÅ‚a #debata #DebataPrezydencka #Mentzen2025 #debatarepublika https://t.co/xBZ2Pkopoj",Polak_z_Polnocy,Mon Apr 14 23:22:06 +0000 2025
1911919678659666092,https://x.com/m_pasierb/status/1911919678659666092,"Trzecia z kolei polska #DebataPrezydencka odbyÅ‚a siÄ™ na antenie @RepublikaTV, ktÃ³ra juÅ¼ byÅ‚a gospodarzem pierwszej. Tym razem udziaÅ‚ wziÄ™Å‚o 10 kandydatÃ³w. WystÄ…pienia w prawicowej telewizji odmÃ³wili Rafau #Trzaskowski #TchÃ³rzkowski ğŸ«£ i Magdalena #Biejat.  https://t.co/1inoYgcjA0",m_pasierb,Mon Apr 14 23:09:07 +0000 2025
1911918637818011937,https://x.com/WojciechGaras/status/1911918637818011937,@Ppawcio20 @DoRzeczy_pl @KoronyPolskiej @GrzegorzBraun_ DbaÅ‚oÅ›Ä‡ o powagÄ™ #DebataPrezydencka to jeden ze wskaÅºnikÃ³w na miÅ‚oÅ›Ä‡ do Polski.,WojciechGaras,Mon Apr 14 23:04:59 +0000 2025
1911918606549467223,https://x.com/BoguckiZbigniew/status/1911918606549467223,"âœŒï¸ğŸ™‚ Karol Nawrocki wygranym w #DebataPrezydencka. NajwiÄ™kszym przegranym Trzaskowski, ktÃ³ry znowu stchÃ³rzyÅ‚, poniewaÅ¼ baÅ‚ siÄ™ pytaÅ„ i konfrontacji na argumenty.  #Nawrocki2025 ğŸ‡µğŸ‡± @Nawrocki25 #PoPierwszePolska #PoPierwszePolacy  #DebataRepublika https://t.co/NlW4xxgPXC",BoguckiZbigniew,Mon Apr 14 23:04:52 +0000 2025
1911918128486826075,https://x.com/Empirycyzm/status/1911918128486826075,@ZandbergRAZEM : Ej. @trzaskowski_  Titanica oglÄ…daÅ‚? . #DebataPrezydencka #DebataRepubliki. Ta senator Umie. #SilniRazem zapraszamy. @AKlarenbach,Empirycyzm,Mon Apr 14 23:02:58 +0000 2025
1911917157975470458,https://x.com/Empirycyzm/status/1911917157975470458,@trzaskowski_ : @ZandbergRAZEM na mnie pluje. Nie przychodzÄ™. @RepublikaTV #DebataPrezydencka #DebataRepubliki.,Empirycyzm,Mon Apr 14 22:59:06 +0000 2025
1911916345941242213,https://x.com/Empirycyzm/status/1911916345941242213,CiÄ™Å¼ko pleksÄ™ umyÄ‡ po @ZandbergRAZEM . #DebataPrezydencka #DebataRepubliki.,Empirycyzm,Mon Apr 14 22:55:53 +0000 2025
1911915989635141747,https://x.com/AwZdzis24783/status/1911915989635141747,"Ostatnia debata, ktÃ³rÄ… oglÄ…daÅ‚em - granica dobrego smaku zostaÅ‚a przekroczona ğŸ˜µâ€ğŸ’« #DebataPrezydencka #debatarepublika #debile #Å¼enada #kimpanjest #szambo https://t.co/VpSa5ms26J",AwZdzis24783,Mon Apr 14 22:54:28 +0000 2025
1911915039126155645,https://x.com/BartekPiekarsky/status/1911915039126155645,"W podczas #DebataPrezydencka #DebataRepubliki @SlawomirMentzen wrÄ™czyÅ‚ marszaÅ‚kowi @szymon_holownia pewien prezentâ€¦ Jak oceniacie ten gest? ZrobiÅ‚ dobrze, czy przeciwnie? MÃ³gÅ‚ przykleiÄ‡ mu na pulpicie zdjÄ™cia z premierem Tuskiem? No i co z tÄ… dyktÄ… RafaÅ‚a Trzaskowskiego? SÅ‚abe? https://t.co/uaocxS4Qdj",BartekPiekarsky,Mon Apr 14 22:50:41 +0000 2025
1911914517488972275,https://x.com/Empirycyzm/status/1911914517488972275,W #tvp @MagdaBiejat z @trzaskowski_ bÄ™dÄ… w drugiej turze siÄ™ wymieniaÄ‡ ğŸ³ï¸â€ğŸŒˆ. #DebataPrezydencka #DebataRepubliki,Empirycyzm,Mon Apr 14 22:48:37 +0000 2025
1911914369195057161,https://x.com/ttomczyk2251/status/1911914369195057161,#debatarepubliki #DebataPrezydencka  Jakim prawem @se_pl stojÄ…c na straÅ¼y informacji sugeruje werdykt jednego z argumentÃ³w w debacie? CzyÅ¼by Super Express jawnie wspieraÅ‚ kandydata @SlawomirMentzen? https://t.co/rhpGka83FN,ttomczyk2251,Mon Apr 14 22:48:01 +0000 2025
1911913884190908774,https://x.com/Politykomann/status/1911913884190908774,"Nie wiem czy istnieje inne medium internetowe w Polsce, ktÃ³re jest w stanie mieÄ‡ oglÄ…dalnoÅ›ci powyzej 120k osÃ³b o godzinie 1:00 w nocy.  #DebataPrezydencka #zero https://t.co/S7SNKbUZj2",Politykomann,Mon Apr 14 22:46:06 +0000 2025
1911913810937729297,https://x.com/krakenkraken000/status/1911913810937729297,#DebataPrezydencka https://t.co/Ol5O1Vo81x,krakenkraken000,Mon Apr 14 22:45:48 +0000 2025
1911913572927418503,https://x.com/CesarzDigitalos/status/1911913572927418503,Szczerze mÃ³wiÄ…c na spokojnie juÅ¼ to jednak sztabowcy Mentzena to jednak geniusze bo jedyne co zapamiÄ™taÅ‚em to jego szansÄ™ na wygranie z Trzaskowskim w II turze ğŸ˜  #DebataPrezydencka #MentzenDrugaTura #Wybory2025 https://t.co/SsjVTia2oA,CesarzDigitalos,Mon Apr 14 22:44:52 +0000 2025
1911913514819518956,https://x.com/Obiectivox/status/1911913514819518956,Ten cyrk z kartonem republika tÅ‚umaczyÅ‚a Å¼e niezaleÅ¼na inicjatywa Jakubiaka... No ok to gdzie byÅ‚a mÃ³wnica dla Biejat i czy teÅ¼ miaÅ‚a pokÃ³j przygotowany? Duopol silnie walczy o polaryzacjÄ™... #DebataPrezydencka,Obiectivox,Mon Apr 14 22:44:38 +0000 2025
1911913280471195679,https://x.com/TobiaszPiszcz/status/1911913280471195679,MarszaÅ‚ek @szymon_holownia zwyciÄ™Å¼yÅ‚.  PokazaÅ‚ Å¼e potrafi rozmawiaÄ‡ w kaÅ¼dych warunkach i z kaÅ¼dym. Takie prezydent jest nam dziÅ› potrzebny.  #Wybory2025 #WyboryPrezydenckie2025 #DebataPrezydencka  #prezydent https://t.co/SihCIhYGap,TobiaszPiszcz,Mon Apr 14 22:43:42 +0000 2025
1911912604227805338,https://x.com/karton09149087/status/1911912604227805338,jprdl ale ten x polski jest wypelniony post i zwyklymi komuchami. Precz z komuna i lewactwem #DebataPrezydencka,karton09149087,Mon Apr 14 22:41:01 +0000 2025
1911911533979804054,https://x.com/BkFilip/status/1911911533979804054,Ranking #debatarepublika   1. SÅ‚awomir Mentzen  2. Marek Woch 3. Krzysztof Stanowski 4. Marek Jakubiak  5. Karol Nawrocki 6. Joanna Senyszyn 7. Grzegorz Braun  8. Artur Bartoszewicz  9. Adrian Zandberg  10. Szymon HoÅ‚ownia  #debata #DebataPrezydencka,BkFilip,Mon Apr 14 22:36:45 +0000 2025
1911911451834413147,https://x.com/AnnaMandrela/status/1911911451834413147,Ale tak szczerze i obiektywnie bez patrzenia na to kogo lubicie a kogo nie: Kto waszym zdaniem ma najwiÄ™ksze szanse na wygranie z Trzaskowsim w drugiej turze?  #wybory2025 #debata #DebataPrezydencka #DebataRepubliki,AnnaMandrela,Mon Apr 14 22:36:26 +0000 2025
1911911353616646621,https://x.com/madchater/status/1911911353616646621,"Stanowski z Braunem i RafaÅ‚em Pasternakiem dogadujÄ… walkÄ™ na FAME 26, a Markowi Wochowi przypomniaÅ‚a siÄ™ anegdotka z czasÃ³w, gdy byÅ‚ freakfighterem. Ten wieczÃ³r przejdzie do historii, mÃ³wiÄ™ wam. #DebataRepubliki #DebataPrezydencka #famemma https://t.co/TYpR9s14D4",madchater,Mon Apr 14 22:36:02 +0000 2025
1911911312612794874,https://x.com/batkmano/status/1911911312612794874,"MoÅ¼e i Å›mieszne, ale bardzo celne stwierdzenie @K_Stanowski. @trzaskowski_ to tchÃ³rz ktÃ³ry przegraÅ‚ w debacie organizowanej przez jego partiÄ™, wiÄ™c na Å¼adnej innej siÄ™ nie pojawi!  #DebataPrezydencka #debatarepublika #debata #Trzaskowsk2025 #drugaturabezbÄ…Å¼ura #MentzenDrugaTura #Mentzen2025",batkmano,Mon Apr 14 22:35:53 +0000 2025
1911911192341213427,https://x.com/ForfiterP/status/1911911192341213427,"Symboliczne, Å¼e jedynym ktÃ³rym broniÅ‚ dzisiaj Trzaskowskiego i Maciaka oraz chamsko kÅ‚amaÅ‚ ws.Jedwabnego vs. @NawrockiKn byÅ‚ @GrzegorzBraun_  PiÅ„ski kazaÅ‚?  Czy Stonoga?  #DebataPrezydencka  #DebataRepublika",ForfiterP,Mon Apr 14 22:35:24 +0000 2025
1911910674327883956,https://x.com/Krawczyk__Marek/status/1911910674327883956,"W ogniu pytaÅ„, a mimo to spokojny, konkretny i z klasÄ…. @szymon_holownia pokazuje, Å¼e prezydent nie musi krzyczeÄ‡, by Å‚Ä…czyÄ‡. To bÄ™dzie prezydent WSZYSTKICH PolakÃ³w. #DebataPrezydencka #debatarepublika https://t.co/0Xnv2pNQ0E",Krawczyk__Marek,Mon Apr 14 22:33:20 +0000 2025
1911910611325469158,https://x.com/r1kuOfficial/status/1911910611325469158,No niestety marszaÅ‚ek rotacyjny nie miaÅ‚ Å‚atwego wieczoru. Internet nie zapomina a kÅ‚amstwo ma krÃ³tkie nogi.  HoÅ‚ownia po tym wieczorze zostanie zapamietany jako patologiczny klamca aka trzecia noga Tuska.  #debatarepublika #kÅ‚amstwaHoÅ‚owni #DebataPrezydencka,r1kuOfficial,Mon Apr 14 22:33:05 +0000 2025
1911910596519338120,https://x.com/Valentino_Dym/status/1911910596519338120,@SlawomirMentzen niesamowicie taktycznie podchodzi do tych wyborÃ³w. WspÃ³lnie ze sztabem ustalili faktyczny stan jego pozycji i uÅ‚oÅ¼yli pod to strategiÄ™.  To jedyna szansa na zÅ‚amanie betonu POPiS.  #Wybory2025 #DebataPrezydencka,Valentino_Dym,Mon Apr 14 22:33:02 +0000 2025
1911910572318220778,https://x.com/FrontGasnicowy_/status/1911910572318220778,Grzegorz Braun o debacie w Republice! #DebataPrezydencka #debatarepublika   https://t.co/wHcCUBEOyq,FrontGasnicowy_,Mon Apr 14 22:32:56 +0000 2025
1911910184655454584,https://x.com/EdiBrzezinski/status/1911910184655454584,"CzÅ‚owiek-Wafel, ktÃ³ry rekinom i wÄ™Å¼om grubym na ramiÄ™ siÄ™ nie kÅ‚aniaÅ‚. #DebataPrezydencka",EdiBrzezinski,Mon Apr 14 22:31:24 +0000 2025
1911910103491489913,https://x.com/Empirycyzm/status/1911910103491489913,Åodzie francuskie POdwone. @szymon_holownia @CTomczyk . #DebataPrezydencka #DebataRepubliki,Empirycyzm,Mon Apr 14 22:31:04 +0000 2025
1911910009169920374,https://x.com/jedrek_polski/status/1911910009169920374,#DebataPrezydencka  @RepublikaTV #kataryniarz  #takByÅ‚o ğŸ¤£ğŸ¤£ğŸ‘‡ğŸ‘‡ https://t.co/Vs7kTX4d9g,jedrek_polski,Mon Apr 14 22:30:42 +0000 2025
1911909109613408617,https://x.com/Empirycyzm/status/1911909109613408617,Na #baÅ‚tyk to idioto @szymon_holownia tylko pontony. @RepublikaTV #DebataPrezydencka,Empirycyzm,Mon Apr 14 22:27:07 +0000 2025
1911908687897128969,https://x.com/RainbowStalk/status/1911908687897128969,Ile razy HoÅ‚ownia mÃ³wiÅ‚ o Mentzenie w tej debacie?ğŸ¤”  #DebataPrezydencka,RainbowStalk,Mon Apr 14 22:25:27 +0000 2025
1911908641373909472,https://x.com/Kulfon78/status/1911908641373909472,- Panie poÅ›le co jest Pana ulubionÄ… potrawÄ…? - Barszcz moÅ¼e jakiÅ›?  XDDDDDDD ale przekminionym tekstem zajebaÅ‚ #DebataPrezydencka #debatarepublika https://t.co/I3utLmgJ5v,Kulfon78,Mon Apr 14 22:25:16 +0000 2025
1911908279149645934,https://x.com/batkmano/status/1911908279149645934,"SÅ‚awomir Mentzen w mowie koÅ„cowej, krÃ³tko, zwiÄ™Åºle i na temat spraw jakie sÄ… dla nas najwaÅ¼niejsze: #debatarepublika #DebataPrezydencka #debata #Mentzen2025 #MentzenDrugaTura #drugaturabezbÄ…Å¼ura https://t.co/vbfZsfj2pE",batkmano,Mon Apr 14 22:23:49 +0000 2025
1911908143010820109,https://x.com/Empirycyzm/status/1911908143010820109,Druga osoba w ğŸ‡µğŸ‡±  @szymon_holownia  kreuje rotacjÄ™. @RepublikaTV #DebataPrezydencka,Empirycyzm,Mon Apr 14 22:23:17 +0000 2025
1911907864727237071,https://x.com/speedpola/status/1911907864727237071,"WaliÄ‡ tÄ… debatÄ™, tu sie dzieje polityka #DebataPrezydencka https://t.co/sOApTBVEUl",speedpola,Mon Apr 14 22:22:11 +0000 2025
1911907767868350881,https://x.com/jazzi909/status/1911907767868350881,"ByÅ‚o nas jedenaÅ›cioro, mieszkaliÅ›my w jeziorze...na Å›niadanie matka kroiÅ‚a wiatr, ojca nie znaÅ‚em, bo umarÅ‚ na raka wÄ…troby, kiedy zginÄ…Å‚ w tragicznym wypadku samochodowym,po samospaleniu siÄ™ na imieninach u wujka Eugeniusza.Wujka Eugeniusza zabraÅ‚o NKWD w 59. #DebataPrezydencka https://t.co/cn0gjw8HtF",jazzi909,Mon Apr 14 22:21:48 +0000 2025
1911907436572950818,https://x.com/krzleskow/status/1911907436572950818,Lider wyÅ›cigu i peleton.) #Trzaskowsk2025  #DebataPrezydencka https://t.co/hqX2jkUojT,krzleskow,Mon Apr 14 22:20:29 +0000 2025
1911906925542776886,https://x.com/MaatiGaming126/status/1911906925542776886,Bartosiewicz jest za bardzo pro Å¼ydowski xd  #DebataPrezydencka #debata,MaatiGaming126,Mon Apr 14 22:18:27 +0000 2025
1911906692562051230,https://x.com/JanIIISobiesk16/status/1911906692562051230,#Nawrocki2025Prezydentem #DebataRepubliki #DebataPrezydencka #DebataTrzaskowskiego #Debata #MarszTysiÄ…cleciaKrÃ³lestwaPolskiego #marsz12kwietnia #RepublikaWieczÃ³r #TVRepublika  #wPolsce24 #NawrockiPrezydent2025 @KobietyZaKN25 #DebataRepubliki https://t.co/D9ONOBqt1X,JanIIISobiesk16,Mon Apr 14 22:17:31 +0000 2025
1911906602241716685,https://x.com/_avedominusnox/status/1911906602241716685,#DebataPrezydencka https://t.co/8EQaCQ4UDd,_avedominusnox,Mon Apr 14 22:17:10 +0000 2025
